text,product_code
"tôi muốn mua chăn",sp01
"cho tôi một cái chăn",sp01
"mua chăn đi",sp01
"cần mua chăn ấm áp",sp01
"tôi muốn chăn mềm",sp01
"cho tôi gối mềm",sp02
"muốn mua gối",sp02
"gối cao su tốt",sp02
"mua gối đi",sp02
"tôi cần gối êm",sp02
"cần ga trải giường đẹp",sp03
"muốn mua ga trải giường",sp03
"ga trải giường màu trắng",sp03
"cho tôi ga trải giường",sp03
"tôi muốn ga trải giường mới",sp03
"mua chăn và gối",sp01_sp02
"tôi cần chăn, gối",sp01_sp02
"đặt mua chăn gối",sp01_sp02
"chăn và ga trải giường",sp01_sp03
"tôi cần chăn và ga",sp01_sp03
"mua chăn ga",sp01_sp03
"gối và ga trải giường",sp02_sp03
"tôi muốn gối và ga",sp02_sp03
"mua gối ga",sp02_sp03
"mua cả chăn, gối, ga",sp01_sp02_sp03
"tôi cần trọn bộ chăn ga gối",sp01_sp02_sp03
"đặt mua combo chăn ga gối",sp01_sp02_sp03
"chăn bông",sp01
"chăn mùa đông",sp01
"chăn lông",sp01
"mua chăn giá rẻ",sp01
"chăn cotton",sp01
"chăn nỉ",sp01
"chăn lụa",sp01
"gối ôm",sp02
"gối tựa lưng",sp02
"gối bông",sp02
"mua gối giá rẻ",sp02
"gối massage",sp02
"gối cao su non",sp02
"gối chống đau vai gáy",sp02
"ga trải giường 1m6",sp03
"ga trải giường 1m8",sp03
"ga trải giường cotton",sp03
"ga trải giường lụa",sp03
"mua ga trải giường giá rẻ",sp03
"ga trải giường họa tiết",sp03
"ga trải giường trơn",sp03
"chăn và gối cho bé",sp01_sp02
"bộ chăn gối",sp01_sp02
"chăn và gối mới",sp01_sp02
"gối và ga cho phòng ngủ",sp02_sp03
"bộ gối ga",sp02_sp03
"ga và chăn cho giường đôi",sp01_sp03
"bộ chăn ga",sp01_sp03
"tôi cần chăn, gối, ga",sp01_sp02_sp03
"mua trọn bộ",sp01_sp02_sp03
"đặt hàng chăn, gối, ga",sp01_sp02_sp03
"chăn siêu nhẹ",sp01
"chăn trẻ em",sp01
"gối cổ",sp02
"gối cho bà bầu",sp02
"ga trải giường king size",sp03
"ga trải giường queen size",sp03
"mua chăn một cái",sp01
"cần gối một cái",sp02
"muốn ga một cái",sp03
"chăn đẹp",sp01
"gối êm",sp02
"ga bền",sp03
"chăn cho mùa hè",sp01
"chăn cho mùa đông",sp01
"gối ngủ ngon",sp02
"gối mát",sp02
"ga trải giường chống thấm",sp03
"ga trải giường dễ giặt",sp03
"bộ chăn gối đẹp",sp01_sp02
"bộ gối ga cao cấp",sp02_sp03
"bộ chăn ga sang trọng",sp01_sp03
"bộ chăn gối ga cao cấp",sp01_sp02_sp03
"chăn màu xanh",sp01
"gối màu hồng",sp02
"ga trải giường màu xám",sp03
"chăn kẻ caro",sp01
"gối hình thú",sp02
"ga trải giường kẻ sọc",sp03
"tôi tìm chăn",sp01
"tôi tìm gối",sp02
"tôi tìm ga",sp03
"mua ngay chăn",sp01
"mua ngay gối",sp02
"mua ngay ga",sp03
"chăn tốt",sp01
"gối tốt",sp02
"ga tốt",sp03
"chăn giá tốt",sp01
"gối giá tốt",sp02
"ga giá tốt",sp03
"cần mua chăn ngay",sp01
"cần mua gối ngay",sp02
"cần mua ga ngay",sp03
"tôi muốn chăn dày",sp01
"tôi muốn gối cứng",sp02
"tôi muốn ga mỏng",sp03
"chăn cho phòng khách",sp01
"gối cho ghế sofa",sp02
"ga trải giường cho căn hộ",sp03
"chăn nhập khẩu",sp01
"gối nhập khẩu",sp02
"ga nhập khẩu",sp03
"chăn giá sỉ",sp01
"gối giá sỉ",sp02
"ga giá sỉ",sp03
"chăn khuyến mãi",sp01
"gối khuyến mãi",sp02
"ga khuyến mãi",sp03
"tìm chăn mềm mại",sp01
"tìm gối thoáng khí",sp02
"tìm ga chống nhăn",sp03
"chăn hai mặt",sp01
"gối đôi",sp02
"ga trải giường cho bé",sp03
"mua chăn quà tặng",sp01
"mua gối quà tặng",sp02
"mua ga quà tặng",sp03
"chăn khách sạn",sp01
"gối khách sạn",sp02
"ga khách sạn",sp03
"chăn văn phòng",sp01
"gối văn phòng",sp02
"chăn cao cấp",sp01
"gối cao cấp",sp02
"ga cao cấp",sp03
"chăn giảm giá",sp01
"gối giảm giá",sp02
"ga giảm giá",sp03
"chăn bán chạy",sp01
"gối bán chạy",sp02
"ga bán chạy",sp03
"chăn mới nhất",sp01
"gối mới nhất",sp02
"ga mới nhất",sp03
"chăn loại nào tốt",sp01
"gối loại nào tốt",sp02
"ga loại nào tốt",sp03
"đặt chăn online",sp01
"đặt gối online",sp02
"đặt ga online",sp03
"chăn giao hàng nhanh",sp01
"gối giao hàng nhanh",sp02
"ga giao hàng nhanh",sp03
"chăn có sẵn",sp01
"gối có sẵn",sp02
"ga có sẵn",sp03
"mua chăn với gối",sp01_sp02
"mua chăn với ga",sp01_sp03
"mua gối với ga",sp02_sp03
"mua tất cả",sp01_sp02_sp03
"cần chăn cho phòng ngủ",sp01
"cần gối cho giường",sp02
"cần ga cho giường",sp03
"chăn size lớn",sp01
"gối size lớn",sp02
"ga size lớn",sp03
"chăn size nhỏ",sp01
"gối size nhỏ",sp02
"ga size nhỏ",sp03
"chăn đơn",sp01
"gối đơn",sp02
"ga đơn",sp03
"chăn đôi",sp01
"gối đôi",sp02
"ga đôi",sp03
"chăn em bé",sp01
"gối em bé",sp02
"ga em bé",sp03
"chăn người lớn",sp01
"gối người lớn",sp02
"ga người lớn",sp03
"chăn dã ngoại",sp01
"gối dã ngoại",sp02
"chăn mùa xuân",sp01
"chăn mùa thu",sp01
"gối mùa hè",sp02
"gối mùa đông",sp02
"ga mùa xuân",sp03
"ga mùa hè",sp03
"ga mùa thu",sp03
"ga mùa đông",sp03
"mua chăn cho phòng ngủ chính",sp01
"mua gối cho khách",sp02
"mua ga cho phòng trẻ em",sp03
"tôi cần chăn chống dị ứng",sp01
"tôi cần gối chống ngáy",sp02
"tôi cần ga chống bụi",sp03
"chăn kháng khuẩn",sp01
"gối kháng khuẩn",sp02
"ga kháng khuẩn",sp03
"chăn màu be",sp01
"gối màu kem",sp02
"ga trải giường màu ghi",sp03
"chăn hoa văn",sp01
"gối hoa văn",sp02
"ga trải giường hoa văn",sp03
"chăn trần bông",sp01
"gối cao cấp latex",sp02
"ga trải giường sợi tre",sp03
"mua chăn cho vợ",sp01
"mua gối cho chồng",sp02
"mua ga cho con",sp03
"cần chăn cho khách sạn",sp01
"cần gối cho resort",sp02
"cần ga cho homestay",sp03
"chăn thanh lý",sp01
"gối thanh lý",sp02
"ga thanh lý",sp03
"chăn giá sập sàn",sp01
"gối giá hời",sp02
"ga giá cực tốt",sp03
"chăn bán chạy nhất",sp01
"gối bán chạy nhất",sp02
"ga bán chạy nhất",sp03
"chăn hàng hiệu",sp01
"gối hàng hiệu",sp02
"ga hàng hiệu",sp03
"chăn êm ái",sp01
"gối thoải mái",sp02
"ga mềm mại",sp03
"chăn không xù lông",sp01
"gối không xẹp",sp02
"ga không phai màu",sp03
"chăn nhanh khô",sp01
"gối dễ giặt",sp02
"ga dễ ủi",sp03
"chăn có thể giặt máy",sp01
"gối có thể giặt máy",sp02
"ga có thể giặt máy",sp03
"chăn nhẹ",sp01
"gối nhẹ",sp02
"ga nhẹ",sp03
"chăn nặng",sp01
"gối nặng",sp02
"ga nặng",sp03
"chăn cho người lớn tuổi",sp01
"gối cho người lớn tuổi",sp02
"ga cho người lớn tuổi",sp03
"chăn cho người trẻ tuổi",sp01
"gối cho người trẻ tuổi",sp02
"ga cho người trẻ tuổi",sp03
"tôi cần chăn và gối cao cấp",sp01_sp02
"tôi cần chăn và ga giá rẻ",sp01_sp03
"tôi cần gối và ga chất lượng",sp02_sp03
"tôi cần combo chăn gối ga giá tốt",sp01_sp02_sp03
"chăn và gối cho cặp đôi",sp01_sp02
"ga và chăn cho phòng cưới",sp01_sp03
"gối và ga cho phòng trẻ em",sp02_sp03
"chăn gối ga cho khách sạn",sp01_sp02_sp03
"mua chăn loại nào",sp01
"mua gối loại nào",sp02
"mua ga loại nào",sp03
"tôi muốn chăn ấm",sp01
"tôi muốn gối không lún",sp02
"tôi muốn ga bền màu",sp03
"chăn cho giường đơn",sp01
"gối cho giường đôi",sp02
"ga cho giường cỡ lớn",sp03
"chăn cho mùa hè",sp01
"gối cho mùa đông",sp02
"ga cho cả năm",sp03
"cần chăn để ngủ",sp01
"cần gối để tựa",sp02
"cần ga để trải",sp03
"chăn cho phòng ngủ master",sp01
"gối cho phòng khách",sp02
"ga cho phòng ngủ phụ",sp03
"chăn có họa tiết đơn giản",sp01
"gối có họa tiết hoạt hình",sp02
"ga có họa tiết hình học",sp03
"chăn màu pastel",sp01
"gối màu trung tính",sp02
"ga trải giường màu sáng",sp03
"chăn làm từ cotton",sp01
"gối làm từ cao su",sp02
"ga làm từ lụa",sp03
"chăn và gối cho người già",sp01_sp02
"ga và chăn cho người trẻ",sp01_sp03
"gối và ga cho phòng khách",sp02_sp03
"chăn gối ga cho sinh viên",sp01_sp02_sp03
"tôi cần chăn giá cả phải chăng",sp01
"tôi cần gối chất lượng cao",sp02
"tôi cần ga bền đẹp",sp03
"chăn có thể giặt khô",sp01
"gối có thể giặt tay",sp02
"ga có thể giặt riêng",sp03
"chăn dùng cho mọi mùa",sp01
"gối dùng cho mọi tư thế ngủ",sp02
"ga dùng cho mọi loại giường",sp03
"chăn cho căn hộ nhỏ",sp01
"gối cho nhà phố",sp02
"ga cho biệt thự",sp03
"chăn để đắp",sp01
"gối để kê đầu",sp02
"ga để bọc nệm",sp03
"chăn có độ dày vừa phải",sp01
"gối có độ cứng vừa phải",sp02
"ga có độ mềm vừa phải",sp03
"chăn màu tối",sp01
"gối màu sáng",sp02
"ga màu đất",sp03
"chăn cho người đổ mồ hôi",sp01
"gối cho người đau cổ",sp02
"ga cho người dị ứng",sp03
"chăn cho người hay lạnh",sp01
"gối cho người hay nóng",sp02
"ga cho người hay di chuyển",sp03
"chăn có khả năng giữ nhiệt",sp01
"gối có khả năng thoáng khí",sp02
"ga có khả năng thấm hút",sp03
"chăn họa tiết kẻ sọc",sp01
"gối họa tiết chấm bi",sp02
"ga họa tiết hoa lá",sp03
"chăn cotton 100%",sp01
"gối cao su thiên nhiên",sp02
"ga lụa tơ tằm",sp03
"mua chăn cho bố mẹ",sp01
"mua gối cho bạn bè",sp02
"mua ga cho người thân",sp03
"chăn siêu mềm",sp01
"gối siêu êm",sp02
"ga siêu bền",sp03
"chăn giá học sinh",sp01
"gối giá sinh viên",sp02
"ga giá công nhân",sp03
"chăn có viền",sp01
"gối có dây kéo",sp02
"ga có chun bọc",sp03
"chăn cho người độc thân",sp01
"gối cho vợ chồng",sp02
"ga cho cả gia đình",sp03
"chăn cho phòng trọ",sp01
"gối cho phòng tập gym",sp02
"ga cho studio",sp03
"chăn có thể gấp gọn",sp01
"gối có thể cuộn tròn",sp02
"ga có thể xếp vuông vắn",sp03
"chăn in hình",sp01
"gối thêu chữ",sp02
"ga dệt nổi",sp03
"chăn cho mùa lễ hội",sp01
"gối cho dịp đặc biệt",sp02
"ga cho sự kiện",sp03
"chăn cho những giấc ngủ sâu",sp01
"gối cho những giấc mơ đẹp",sp02
"ga cho những buổi sáng tỉnh táo",sp03
"chăn cho những đêm lạnh",sp01
"gối cho những ngày nắng",sp02
"ga cho những buổi chiều thư giãn",sp03
"chăn có mùi thơm nhẹ",sp01
"gối có mùi hương dịu",sp02
"ga có hương thơm tự nhiên",sp03
"chăn chống bám bụi",sp01
"gối chống côn trùng",sp02
"ga chống nấm mốc",sp03
"chăn có tem nhãn rõ ràng",sp01
"gối có hướng dẫn sử dụng",sp02
"ga có bảo hành",sp03
"chăn có thể dùng làm thảm",sp01
"gối có thể dùng làm đồ trang trí",sp02
"ga có thể dùng làm rèm",sp03
"chăn có kích thước chuẩn",sp01
"gối có kích thước phù hợp",sp02
"ga có kích thước đa dạng",sp03
"chăn dùng cho giường 1m2",sp01
"gối dùng cho giường 1m4",sp02
"ga dùng cho giường 2m",sp03
"chăn kiểu dáng hiện đại",sp01
"gối kiểu dáng cổ điển",sp02
"ga kiểu dáng tối giản",sp03
"chăn cho không gian nhỏ",sp01
"gối cho không gian rộng",sp02
"ga cho không gian mở",sp03
"chăn cho căn hộ chung cư",sp01
"gối cho nhà mặt đất",sp02
"ga cho penthouse",sp03
"chăn để tặng sinh nhật",sp01
"gối để tặng kỷ niệm",sp02
"ga để tặng tân gia",sp03
"chăn màu đỏ",sp01
"gối màu vàng",sp02
"ga màu tím",sp03
"chăn màu cam",sp01
"gối màu xanh lá",sp02
"ga màu nâu",sp03
"chăn màu đen",sp01
"gối màu trắng",sp02
"ga màu be",sp03
"chăn in hình động vật",sp01
"gối in hình cây cối",sp02
"ga in hình phong cảnh",sp03
"chăn in chữ",sp01
"gối in số",sp02
"ga in biểu tượng",sp03
"chăn chất liệu tự nhiên",sp01
"gối chất liệu tổng hợp",sp02
"ga chất liệu hỗn hợp",sp03
"chăn có lớp lót",sp01
"gối có vỏ bọc",sp02
"ga có đệm",sp03
"chăn chống trượt",sp01
"gối chống xô lệch",sp02
"ga chống co rút",sp03
"chăn đa năng",sp01
"gối đa năng",sp02
"ga đa năng",sp03
"chăn cho người nhạy cảm",sp01
"gối cho người khó ngủ",sp02
"ga cho người hay tỉnh giấc",sp03
"chăn giữ form",sp01
"gối giữ độ đàn hồi",sp02
"ga giữ màu sắc",sp03
"chăn có thương hiệu",sp01
"gối có nguồn gốc rõ ràng",sp02
"ga có chứng nhận",sp03
"chăn có review tốt",sp01
"gối có đánh giá cao",sp02
"ga có phản hồi tích cực",sp03
"chăn giá rẻ bất ngờ",sp01
"gối giá cạnh tranh",sp02
"ga giá hợp lý",sp03
"chăn hàng nhập khẩu",sp01
"gối hàng xuất khẩu",sp02
"ga hàng Việt Nam",sp03
"chăn sản xuất tại Việt Nam",sp01
"gối sản xuất tại Trung Quốc",sp02
"ga sản xuất tại Thái Lan",sp03
"chăn làm quà cưới",sp01
"gối làm quà tân gia",sp02
"ga làm quà sinh nhật",sp03
"chăn cho mùa giáng sinh",sp01
"gối cho mùa lễ tình nhân",sp02
"ga cho mùa tết",sp03
"chăn có sẵn hàng",sp01
"gối đang giảm giá",sp02
"ga đang có ưu đãi",sp03
"chăn giao nhanh",sp01
"gối ship tận nhà",sp02
"ga miễn phí vận chuyển",sp03
"chăn trả góp",sp01
"gối trả sau",sp02
"ga thanh toán khi nhận hàng",sp03
"chăn mua nhiều giảm giá",sp01
"gối mua kèm ưu đãi",sp02
"ga mua combo giá tốt",sp03
"chăn có phiếu bảo hành",sp01
"gối có đổi trả",sp02
"ga có hoàn tiền",sp03
"chăn hỗ trợ đổi size",sp01
"gối hỗ trợ đổi màu",sp02
"ga hỗ trợ đổi kiểu",sp03
"chăn được tư vấn miễn phí",sp01
"gối được hỗ trợ 24/7",sp02
"ga được chăm sóc khách hàng tốt",sp03
"chăn kèm túi đựng",sp01
"gối kèm vỏ gối",sp02
"ga kèm vỏ gối",sp03
"chăn theo bộ",sp01
"gối theo cặp",sp02
"ga theo set",sp03
"chăn cho bé trai",sp01
"gối cho bé gái",sp02
"ga cho trẻ sơ sinh",sp03
"chăn cho tuổi teen",sp01
"gối cho người trung niên",sp02
"ga cho người cao tuổi",sp03
"chăn cho phòng ngủ kiểu Nhật",sp01
"gối cho phòng ngủ kiểu Hàn",sp02
"ga cho phòng ngủ kiểu Âu",sp03
"chăn trang trí",sp01
"gối trang trí",sp02
"ga trang trí",sp03
"chăn làm từ vật liệu tái chế",sp01
"gối làm từ sợi tự nhiên",sp02
"ga làm từ vải hữu cơ",sp03
"chăn có thể gấp làm nệm",sp01
"gối có thể dùng làm tựa lưng",sp02
"ga có thể dùng làm khăn trải bàn",sp03
"chăn được chứng nhận an toàn",sp01
"gối được kiểm định chất lượng",sp02
"ga được cấp phép lưu hành",sp03
"chăn bền đẹp",sp01
"gối bền đẹp",sp02
"ga bền đẹp",sp03
"chăn và gối cho người yêu",sp01_sp02
"chăn và ga cho bạn thân",sp01_sp03
"gối và ga cho đồng nghiệp",sp02_sp03
"chăn gối ga cho sếp",sp01_sp02_sp03
"chăn cho người thích sự ấm áp",sp01
"gối cho người thích sự thoải mái",sp02
"ga cho người thích sự sang trọng",sp03
"chăn màu sắc đa dạng",sp01
"gối hình dáng độc đáo",sp02
"ga họa tiết phong phú",sp03
"chăn chất lượng cao",sp01
"gối chất lượng tốt",sp02
"ga chất lượng bền",sp03
"chăn giá tốt nhất",sp01
"gối giá rẻ nhất",sp02
"ga giá cạnh tranh nhất",sp03
"chăn cho mọi nhà",sp01
"gối cho mọi người",sp02
"ga cho mọi giường",sp03
"chăn tiện lợi",sp01
"gối tiện lợi",sp02
"ga tiện lợi",sp03
"chăn thông minh",sp01
"gối thông minh",sp02
"ga thông minh",sp03
"chăn chống tĩnh điện",sp01
"gối chống nấm mốc",sp02
"ga chống vi khuẩn",sp03
"chăn có thể điều chỉnh nhiệt độ",sp01
"gối có thể điều chỉnh độ cao",sp02
"ga có thể điều chỉnh độ rộng",sp03
"chăn cho những giấc ngủ vàng",sp01
"gối cho những giấc ngủ tiên",sp02
"ga cho những giấc ngủ mơ",sp03
"chăn đẹp như tranh",sp01
"gối đẹp như tượng",sp02
"ga đẹp như thảm",sp03
"chăn có thiết kế riêng",sp01
"gối có tên riêng",sp02
"ga có chữ ký",sp03
"chăn cho mùa thu đông",sp01
"gối cho mùa xuân hè",sp02
"ga cho bốn mùa",sp03
"chăn cho người dễ lạnh",sp01
"gối cho người dễ nóng",sp02
"ga cho người dễ ra mồ hôi",sp03
"chăn làm từ vật liệu cao cấp",sp01
"gối làm từ vật liệu tự nhiên",sp02
"ga làm từ vật liệu tổng hợp",sp03
"chăn có khả năng làm mát",sp01
"gối có khả năng sưởi ấm",sp02
"ga có khả năng giữ nhiệt",sp03
"chăn cho người bị dị ứng",sp01
"gối cho người bị đau vai",sp02
"ga cho người bị đau lưng",sp03
"chăn cho người bị mất ngủ",sp01
"gối cho người bị khó thở",sp02
"ga cho người bị hen suyễn",sp03
"chăn làm quà cho người thân",sp01
"gối làm quà cho bạn bè",sp02
"ga làm quà cho đối tác",sp03
"chăn có chứng nhận Oeko-Tex",sp01
"gối có chứng nhận CertiPUR-US",sp02
"ga có chứng nhận GOTS",sp03
"chăn có thể gấp đôi",sp01
"gối có thể bẻ cong",sp02
"ga có thể kéo giãn",sp03
"chăn siêu nhẹ cho mùa hè",sp01
"gối siêu êm cho giấc ngủ sâu",sp02
"ga siêu bền cho tuổi thọ dài",sp03
"chăn giá tốt cho mọi gia đình",sp01
"gối giá phải chăng cho mọi người",sp02
"ga giá cạnh tranh cho mọi phòng ngủ",sp03
"chăn cotton tự nhiên",sp01
"gối cao su memory foam",sp02
"ga tencel mềm mại",sp03
"chăn cho phòng ngủ hiện đại",sp01
"gối cho phòng ngủ cổ điển",sp02
"ga cho phòng ngủ vintage",sp03
"chăn cho những giấc ngủ êm đềm",sp01
"gối cho những giấc ngủ trọn vẹn",sp02
"ga cho những giấc ngủ bình yên",sp03
"chăn cho những đêm se lạnh",sp01
"gối cho những buổi trưa hè",sp02
"ga cho những ngày mưa",sp03
"chăn có đủ màu sắc",sp01
"gối có đủ kích cỡ",sp02
"ga có đủ chất liệu",sp03
"chăn với họa tiết kẻ ngang",sp01
"gối với họa tiết chấm bi",sp02
"ga với họa tiết hình học",sp03
"chăn với họa tiết hoa văn",sp01
"gối với họa tiết động vật",sp02
"ga với họa tiết trừu tượng",sp03
"chăn cho bé trai năng động",sp01
"gối cho bé gái đáng yêu",sp02
"ga cho trẻ em tinh nghịch",sp03
"chăn cho người trưởng thành",sp01
"gối cho người cao tuổi thư giãn",sp02
"ga cho người trẻ năng động",sp03
"chăn với chất liệu thoáng mát",sp01
"gối với chất liệu mềm mại",sp02
"ga với chất liệu bền bỉ",sp03
"chăn có thiết kế tinh tế",sp01
"gối có thiết kế độc đáo",sp02
"ga có thiết kế ấn tượng",sp03
"chăn cho giấc ngủ ngon",sp01
"gối cho giấc ngủ sâu",sp02
"ga cho giấc ngủ trọn vẹn",sp03
"chăn màu xám",sp01
"gối màu xanh dương",sp02
"ga màu hồng nhạt",sp03
"chăn màu kem",sp01
"gối màu tím than",sp02
"ga màu xanh bạc hà",sp03
"chăn màu trắng tinh",sp01
"gối màu đen huyền bí",sp02
"ga màu ghi sáng",sp03
"chăn hình gấu",sp01
"gối hình mèo",sp02
"ga hình sao",sp03
"chăn hình xe hơi",sp01
"gối hình công chúa",sp02
"ga hình siêu anh hùng",sp03
"chăn cho giường cỡ lớn",sp01
"gối cho giường đơn",sp02
"ga cho giường nhỏ",sp03
"chăn chống nhăn",sp01
"gối chống xẹp",sp02
"ga chống sờn",sp03
"chăn cho phòng ngủ nhỏ",sp01
"gối cho phòng khách lớn",sp02
"ga cho phòng ngủ chính",sp03
"chăn có thể giặt khô",sp01
"gối có thể giặt máy",sp02
"ga có thể giặt tay",sp03
"chăn hàng khuyến mãi",sp01
"gối hàng mới về",sp02
"ga hàng bán chạy",sp03
"chăn cho người có làn da nhạy cảm",sp01
"gối cho người bị đau đầu",sp02
"ga cho người dễ ra mồ hôi đêm",sp03
"chăn cho người sống ở vùng lạnh",sp01
"gối cho người sống ở vùng nóng",sp02
"ga cho người sống ở khí hậu ôn hòa",sp03
"chăn có lớp bông dày",sp01
"gối có lớp mút hoạt tính",sp02
"ga có lớp lụa mịn",sp03
"chăn có thể dùng làm khăn choàng",sp01
"gối có thể dùng làm gối ôm",sp02
"ga có thể dùng làm drap",sp03
"chăn thân thiện với môi trường",sp01
"gối an toàn cho sức khỏe",sp02
"ga không gây kích ứng da",sp03
"chăn cho người yêu thích sự đơn giản",sp01
"gối cho người yêu thích sự sang trọng",sp02
"ga cho người yêu thích sự tiện nghi",sp03
"chăn có màu sắc tươi sáng",sp01
"gối có màu sắc trầm ấm",sp02
"ga có màu sắc trung tính",sp03
"chăn có họa tiết lá cây",sp01
"gối có họa tiết động vật",sp02
ga có họa tiết hình học",sp03
"chăn có hình khối",sp01
"gối có hình tròn",sp02
"ga có hình vuông",sp03
"chăn cho người thích ngủ nghiêng",sp01
"gối cho người thích ngủ thẳng",sp02
"ga cho người thích ngủ sấp",sp03
"chăn cho người hay thay đổi tư thế",sp01
"gối cho người ít di chuyển",sp02
"ga cho người thích sự ổn định",sp03
"chăn có khả năng chống bụi bẩn",sp01
"gối có khả năng chống ẩm mốc",sp02
"ga có khả năng chống vi khuẩn",sp03
"chăn cho người thích không gian ấm cúng",sp01
"gối cho người thích không gian rộng rãi",sp02
"ga cho người thích không gian thoáng đãng",sp03
"chăn cho người thích đọc sách trên giường",sp01
"gối cho người thích xem phim trên giường",sp02
ga cho người thích ăn sáng trên giường",sp03
"chăn cho người thích phong cách hiện đại",sp01
"gối cho người thích phong cách cổ điển",sp02
"ga cho người thích phong cách tối giản",sp03
"chăn cho người độc thân",sp01
"gối cho cặp đôi",sp02
"ga cho gia đình",sp03
"chăn cho phòng ngủ nhỏ",sp01
"gối cho phòng ngủ lớn",sp02
"ga cho căn hộ chung cư",sp03
"chăn cho nhà riêng",sp01
"gối cho biệt thự",sp02
"ga cho khách sạn",sp03
"chăn cho resort",sp01
"gối cho homestay",sp02
"ga cho nhà nghỉ",sp03
"chăn cho mùa đông ấm áp",sp01
"gối cho mùa hè mát mẻ",sp02
"ga cho bốn mùa thoải mái",sp03
"chăn dành cho người lớn",sp01
"gối dành cho trẻ em",sp02
"ga dành cho mọi lứa tuổi",sp03
"chăn có độ bền cao",sp01
"gối có độ đàn hồi tốt",sp02
"ga có độ mềm mại vượt trội",sp03
"chăn chống tĩnh điện hiệu quả",sp01
"gối chống dị ứng tối ưu",sp02
"ga chống nhăn tuyệt đối",sp03
"chăn cho giấc ngủ trọn vẹn",sp01
"gối cho giấc ngủ sâu",sp02
"ga cho giấc ngủ ngon",sp03
"chăn kèm bộ",sp01_sp02_sp03
"gối kèm bộ",sp01_sp02_sp03
"ga kèm bộ",sp01_sp02_sp03
"chăn có thể tháo rời",sp01
"gối có thể giặt ruột",sp02
"ga có thể thay vỏ",sp03
"chăn cho người yêu thích sự ấm cúng",sp01
"gối cho người yêu thích sự mềm mại",sp02
"ga cho người yêu thích sự sang trọng",sp03
"chăn có kích thước chuẩn quốc tế",sp01
"gối có kích thước tiêu chuẩn",sp02
"ga có kích thước đa dạng",sp03
"chăn cho giường đơn",sp01
"gối cho giường đôi",sp02
"ga cho giường cỡ lớn",sp03
"chăn có thể làm quà tặng",sp01
"gối có thể làm quà lưu niệm",sp02
"ga có thể làm quà biếu",sp03
"chăn màu sắc trang nhã",sp01
"gối màu sắc tươi tắn",sp02
"ga màu sắc hài hòa",sp03
"chăn có hoa văn đơn giản",sp01
"gối có hoa văn phức tạp",sp02
"ga có hoa văn trừu tượng",sp03
"chăn cho người dễ ngủ",sp01
"gối cho người khó ngủ",sp02
"ga cho người hay tỉnh giấc",sp03
"chăn cho người hay ra mồ hôi",sp01
"gối cho người hay đau vai gáy",sp02
"ga cho người hay dị ứng da",sp03
"chăn làm từ vật liệu tự nhiên 100%",sp01
"gối làm từ cao su non cao cấp",sp02
"ga làm từ cotton Ai Cập",sp03
"chăn có thể sử dụng hai mặt",sp01
"gối có thể điều chỉnh độ cao",sp02
"ga có thể giặt máy ở nhiệt độ cao",sp03
"chăn có khả năng chống khuẩn",sp01
"gối có khả năng chống nấm mốc",sp02
"ga có khả năng chống côn trùng",sp03
"chăn cho những giấc ngủ vàng",sp01
"gối cho những giấc ngủ mơ",sp02
"ga cho những giấc ngủ sâu",sp03
"chăn cho những ngày lạnh giá",sp01
"gối cho những ngày nắng nóng",sp02
ga cho những đêm hè oi ả",sp03
"chăn siêu nhẹ và ấm",sp01
"gối siêu êm và nâng đỡ tốt",sp02
"ga siêu bền và dễ giặt",sp03
"chăn giá tốt và chất lượng",sp01
"gối giá cả phải chăng và thoải mái",sp02
"ga giá cạnh tranh và đẹp mắt",sp03
"chăn màu xanh lá cây",sp01
"gối màu vàng chanh",sp02
"ga màu cam đất",sp03
"chăn màu đỏ đô",sp01
"gối màu tím lavender",sp02
"ga màu xanh ngọc bích",sp03
"chăn họa tiết kẻ ngang to",sp01
"gối họa tiết chấm bi nhỏ",sp02
"ga họa tiết hình học phức tạp",sp03
"chăn hình các loài hoa",sp01
"gối hình các con vật ngộ nghĩnh",sp02
"ga hình các loại trái cây",sp03
"chăn cho bé trai học sinh",sp01
"gối cho bé gái tuổi teen",sp02
"ga cho người lớn tuổi",sp03
"chăn làm từ sợi bông",sp01
"gối làm từ ruột bông gòn",sp02
"ga làm từ vải cotton pha lụa",sp03
"chăn cho phòng ngủ phong cách Bắc Âu",sp01
"gối cho phòng ngủ phong cách Indochine",sp02
"ga cho phòng ngủ phong cách tối giản Nhật Bản",sp03
"chăn có viền ren",sp01
"gối có thêu tên",sp02
"ga có in logo",sp03
"chăn có nhiều lớp",sp01
"gối có nhiều ngăn",sp02
"ga có nhiều kích cỡ",sp03
"chăn cho người thích đắp chăn dày",sp01
"gối cho người thích kê gối cao",sp02
"ga cho người thích trải ga phẳng",sp03
"chăn kèm gối",sp01_sp02
"chăn kèm ga",sp01_sp03
"gối kèm ga",sp02_sp03
"full bộ chăn ga gối",sp01_sp02_sp03
"chăn và gối cho giường king size",sp01_sp02
"chăn và ga cho giường queen size",sp01_sp03
"gối và ga cho giường single",sp02_sp03
"mua chăn với gối giá rẻ",sp01_sp02
"mua chăn với ga chất lượng cao",sp01_sp03
"mua gối với ga khuyến mãi",sp02_sp03
"đặt mua combo chăn gối ga giá ưu đãi",sp01_sp02_sp03
"chăn cotton satin",sp01
"gối foam hoạt tính",sp02
"ga lụa tơ tằm",sp03
"chăn cho mùa đông ấm áp",sp01
"gối cho mùa hè thoáng mát",sp02
"ga cho cả bốn mùa",sp03
"chăn kháng khuẩn và chống nấm mốc",sp01
"gối hỗ trợ cổ và vai gáy",sp02
"ga chống nhăn và phai màu",sp03
"chăn cho phòng ngủ sang trọng",sp01
"gối cho phòng khách hiện đại",sp02
"ga cho phòng trẻ em dễ thương",sp03
"chăn làm từ lông cừu",sp01
"gối làm từ sợi tre",sp02
"ga làm từ cotton organic",sp03
"chăn có thể gấp gọn",sp01
"gối có thể tháo vỏ giặt",sp02
"ga có thể giặt máy và sấy khô",sp03
"chăn cho người bị mất ngủ kinh niên",sp01
"gối cho người bị đau lưng mãn tính",sp02
"ga cho người bị dị ứng bụi nhà",sp03
"chăn cho những giấc ngủ sâu và ngon",sp01
"gối cho những buổi sáng tràn đầy năng lượng",sp02
"ga cho những buổi tối thư thái",sp03
"chăn họa tiết kẻ ô",sp01
"gối họa tiết caro",sp02
"ga họa tiết chấm tròn",sp03
"chăn màu sắc đa dạng và phong phú",sp01
"gối kích thước phù hợp mọi dáng người",sp02
"ga chất liệu mềm mại và thoáng khí",sp03
"chăn cho không gian ấm cúng",sp01
"gối cho không gian thoải mái",sp02
"ga cho không gian sang trọng",sp03
"chăn chất lượng bền đẹp",sp01
"gối chất lượng cao cấp",sp02
"ga chất lượng tốt nhất",sp03
"chăn và gối cho phòng ngủ khách",sp01_sp02
"chăn và ga cho phòng ngủ chính",sp01_sp03
"gối và ga cho phòng ngủ phụ",sp02_sp03
"bộ chăn ga gối cho căn hộ studio",sp01_sp02_sp03
"chăn mềm mại và ấm áp",sp01
"gối êm ái và nâng đỡ tốt",sp02
"ga thoáng mát và thấm hút mồ hôi",sp03
"chăn cho mùa lạnh",sp01
"gối cho mùa nóng",sp02
"ga cho mùa mưa",sp03
"chăn chống dị ứng và vi khuẩn",sp01
"gối chống đau vai gáy hiệu quả",sp02
"ga chống nhăn và phai màu nhanh chóng",sp03
"chăn có thể dùng làm thảm trải sàn",sp01
"gối có thể dùng làm gối tựa sofa",sp02
"ga có thể dùng làm khăn trải bàn",sp03
"chăn màu trơn",sp01
"gối màu pha",sp02
"ga màu gradient",sp03
"chăn họa tiết chìm",sp01
"gối họa tiết nổi",sp02
"ga họa tiết 3D",sp03
"chăn cho người già dễ ngủ",sp01
"gối cho trẻ nhỏ phát triển tốt",sp02
"ga cho người lớn thoải mái",sp03
"chăn giá tốt từ nhà sản xuất",sp01
"gối giá ưu đãi từ nhà phân phối",sp02
"ga giá cạnh tranh từ đại lý",sp03
"chăn có thể cuộn lại nhỏ gọn",sp01
"gối có thể gấp đôi dễ dàng",sp02
"ga có thể xếp gọn gàng",sp03
"chăn để đắp khi ngủ",sp01
"gối để kê khi đọc sách",sp02
"ga để trải giường khi nghỉ ngơi",sp03
"chăn cho những giấc ngủ sâu và yên bình",sp01
"gối cho những giấc ngủ ngắn và chất lượng",sp02
"ga cho những giấc ngủ dài và sảng khoái",sp03
"chăn họa tiết kẻ dọc",sp01
"gối họa tiết hoa văn cổ điển",sp02
"ga họa tiết vân đá",sp03
"chăn cho người thích ngủ trong môi trường mát mẻ",sp01
"gối cho người thích ngủ trong môi trường yên tĩnh",sp02
"ga cho người thích ngủ trong môi trường sạch sẽ",sp03
"chăn làm từ vật liệu cao cấp nhập khẩu",sp01
"gối làm từ vật liệu tự nhiên thân thiện",sp02
"ga làm từ vật liệu tổng hợp bền đẹp",sp03
"chăn màu ghi",sp01
"gối màu be",sp02
"ga màu xanh than",sp03
"chăn màu hồng",sp01
"gối màu vàng",sp02
"ga màu trắng",sp03
"chăn có thể làm quà sinh nhật",sp01
"gối có thể làm quà cưới",sp02
"ga có thể làm quà tân gia",sp03
"chăn cho bé sơ sinh",sp01
"gối cho bé mẫu giáo",sp02
"ga cho bé tiểu học",sp03
"chăn cho thanh thiếu niên",sp01
"gối cho người lớn tuổi",sp02
"ga cho mọi lứa tuổi",sp03
"chăn có khả năng giữ ấm tốt",sp01
"gối có khả năng làm mát tốt",sp02
"ga có khả năng thoáng khí tốt",sp03
"chăn hình ảnh hoạt hình",sp01
"gối hình ảnh siêu anh hùng",sp02
"ga hình ảnh công chúa",sp03
"chăn cho người yêu thích sự ấm áp",sp01
"gối cho người yêu thích sự mềm mại",sp02
"ga cho người yêu thích sự sang trọng",sp03
"chăn có độ dày phù hợp",sp01
"gối có độ cứng phù hợp",sp02
"ga có độ mềm phù hợp",sp03
"chăn có thể dùng cho sofa",sp01
"gối có thể dùng cho ghế văn phòng",sp02
"ga có thể dùng cho nệm",sp03
"chăn cho mùa xuân",sp01
"gối cho mùa thu",sp02
"ga cho mùa đông",sp03
"chăn có chất liệu thân thiện với da",sp01
"gối có chất liệu kháng khuẩn",sp02
"ga có chất liệu chống dị ứng",sp03
"chăn cho người dễ bị lạnh",sp01
"gối cho người dễ bị đau cổ",sp02
ga cho người dễ bị mẩn ngứa",sp03
"chăn có nhiều màu sắc để lựa chọn",sp01
"gối có nhiều kiểu dáng để lựa chọn",sp02
"ga có nhiều kích thước để lựa chọn",sp03
"chăn cho người thích ngủ nướng",sp01
"gối cho người thích nằm đọc sách",sp02
"ga cho người thích nằm thư giãn",sp03
"chăn có lớp bông dày dặn",sp01
"gối có ruột cao su non",sp02
"ga có chất liệu cotton satin",sp03
"chăn cho những giấc ngủ trọn vẹn",sp01
"gối cho những giấc ngủ sâu",sp02
"ga cho những giấc ngủ ngon",sp03
"chăn cho mùa lễ tết",sp01
"gối cho mùa du lịch",sp02
"ga cho mùa cưới",sp03
"chăn có thể làm đồ trang trí",sp01
"gối có thể làm vật kỷ niệm",sp02
"ga có thể làm quà tặng ý nghĩa",sp03
"chăn có thể gấp gọn trong vali",sp01
"gối có thể mang đi du lịch",sp02
"ga có thể thay đổi dễ dàng",sp03
"chăn cho phòng ngủ kiểu tối giản",sp01
"gối cho phòng ngủ kiểu công nghiệp",sp02
"ga cho phòng ngủ kiểu vintage",sp03
"chăn chất lượng cao giá tốt",sp01
"gối chất lượng tốt giá rẻ",sp02
ga chất lượng bền giá hợp lý",sp03
"chăn cho người yêu thiên nhiên",sp01
"gối cho người yêu động vật",sp02
"ga cho người yêu nghệ thuật",sp03
"chăn có khả năng chống thấm nước",sp01
"gối có khả năng chống mồ hôi",sp02
"ga có khả năng chống bám bụi",sp03
"chăn cho những giấc ngủ vàng son",sp01
"gối cho những giấc ngủ thần tiên",sp02
"ga cho những giấc ngủ mơ màng",sp03
"chăn màu đỏ tươi",sp01
"gối màu xanh lá đậm",sp02
"ga màu vàng tươi",sp03
"chăn màu xanh dương nhạt",sp01
"gối màu tím đậm",sp02
"ga màu cam cháy",sp03
"chăn họa tiết kẻ ngang to bản",sp01
"gối họa tiết chấm bi nhỏ li ti",sp02
"ga họa tiết hình học đối xứng",sp03
"chăn hình bông hoa",sp01
"gối hình chiếc lá",sp02
"ga hình đám mây",sp03
"chăn cho phòng ngủ bé trai",sp01
"gối cho phòng ngủ bé gái",sp02
"ga cho phòng ngủ của bố mẹ",sp03
"chăn được sản xuất theo công nghệ hiện đại",sp01
"gối được sản xuất từ vật liệu tự nhiên",sp02
"ga được sản xuất thủ công",sp03
"chăn có thể gấp lại thành gối",sp01
"gối có thể gấp lại thành chăn",sp02
"ga có thể gấp lại thành túi",sp03
"chăn cho người thích sự đơn giản và thanh lịch",sp01
"gối cho người thích sự độc đáo và cá tính",sp02
"ga cho người thích sự sang trọng và đẳng cấp",sp03
"chăn với chất liệu mềm mại và thoáng khí",sp01
"gối với chất liệu êm ái và hỗ trợ",sp02
"ga với chất liệu bền bỉ và dễ giặt",sp03
"chăn cho giấc ngủ thoải mái",sp01
"gối cho giấc ngủ thư giãn",sp02
"ga cho giấc ngủ yên bình",sp03
"chăn cho những đêm lạnh giá",sp01
"gối cho những buổi trưa hè nóng bức",sp02
"ga cho những ngày mưa ẩm ướt",sp03
"chăn màu đen tuyền",sp01
"gối màu trắng tinh khôi",sp02
"ga màu xám tro",sp03
"chăn họa tiết chim chóc",sp01
"gối họa tiết biển cả",sp02
"ga họa tiết rừng núi",sp03
"chăn cho căn phòng hiện đại",sp01
"gối cho căn phòng cổ điển",sp02
"ga cho căn phòng vintage",sp03
"chăn có thể làm quà tặng ý nghĩa",sp01
"gối có thể làm quà tặng độc đáo",sp02
"ga có thể làm quà tặng thiết thực",sp03
"chăn cho người yêu sự thoải mái",sp01
"gối cho người yêu sự êm ái",sp02
"ga cho người yêu sự sang trọng",sp03
"chăn và gối cho người thích sự đồng bộ",sp01_sp02
"chăn và ga cho người thích sự hài hòa",sp01_sp03
"gối và ga cho người thích sự tiện lợi",sp02_sp03
"bộ chăn ga gối cho người thích sự hoàn hảo",sp01_sp02_sp03
"chăn và gối cho giường 1m6",sp01_sp02
"chăn và ga cho giường 1m8",sp01_sp03
"gối và ga cho giường 2m",sp02_sp03
"mua chăn với gối cotton",sp01_sp02
"mua chăn với ga lụa",sp01_sp03
"mua gối với ga cotton",sp02_sp03
"đặt mua combo chăn gối ga cotton",sp01_sp02_sp03
"chăn lông vũ",sp01
"gối lông vũ",sp02
"ga cotton 100%",sp03
"chăn cho mùa đông ấm áp",sp01
"gối cho mùa hè mát lạnh",sp02
"ga cho cả năm",sp03
"chăn chống dị ứng bụi bẩn",sp01
"gối chống đau cổ vai gáy",sp02
"ga chống nhăn và phai màu",sp03
"chăn cho phòng ngủ master",sp01
"gối cho phòng ngủ khách",sp02
"ga cho phòng ngủ trẻ em",sp03
"chăn làm từ sợi tổng hợp",sp01
"gối làm từ cao su tự nhiên",sp02
"ga làm từ tencel",sp03
"chăn có thể giặt máy",sp01
"gối có thể giặt tay",sp02
"ga có thể giặt khô",sp03
"chăn cho người bị khó ngủ",sp01
"gối cho người bị đau đầu",sp02
"ga cho người bị dị ứng",sp03
"chăn cho những giấc mơ đẹp",sp01
"gối cho những giấc ngủ sâu",sp02
"ga cho những giấc ngủ ngon",sp03
"chăn họa tiết kẻ sọc",sp01
"gối họa tiết chấm bi",sp02
"ga họa tiết hoa văn",sp03
"chăn màu xanh ngọc",sp01
"gối màu hồng phấn",sp02
"ga màu xám đậm",sp03
"chăn màu kem",sp01
"gối màu nâu đất",sp02
"ga màu xanh navy",sp03
"chăn hình đám mây",sp01
"gối hình ngôi sao",sp02
"ga hình mặt trăng",sp03
"chăn cho giường cỡ nhỏ",sp01
"gối cho giường cỡ vừa",sp02
"ga cho giường cỡ lớn",sp03
"chăn chống bám lông thú cưng",sp01
"gối chống mồ hôi đêm",sp02
"ga chống trượt trên nệm",sp03
"chăn cho phòng ngủ nhỏ",sp01
"gối cho phòng ngủ lớn",sp02
"ga cho căn hộ chung cư",sp03
"chăn mua online",sp01
"gối mua trực tiếp",sp02
"ga mua tại cửa hàng",sp03
"chăn cho người có làn da khô",sp01
"gối cho người có làn da dầu",sp02
"ga cho người có làn da nhạy cảm",sp03
"chăn cho người yêu thích sự ấm cúng",sp01
"gối cho người yêu thích sự thoải mái",sp02
"ga cho người yêu thích sự sang trọng",sp03
"chăn có độ mềm mại cao",sp01
"gối có độ đàn hồi tốt",sp02
"ga có độ bền vượt trội",sp03
"chăn và gối cho trẻ sơ sinh",sp01_sp02
"chăn và ga cho trẻ em",sp01_sp03
"gối và ga cho người lớn",sp02_sp03
"bộ chăn ga gối cho gia đình",sp01_sp02_sp03
"chăn cho mùa đông ấm áp",sp01
"gối cho mùa hè mát mẻ",sp02
"ga cho cả bốn mùa",sp03
"chăn và gối cho cặp đôi",sp01_sp02
"chăn và ga cho phòng cưới",sp01_sp03
"gối và ga cho phòng tân hôn",sp02_sp03
"bộ chăn ga gối cho tuần trăng mật",sp01_sp02_sp03
"chăn siêu nhẹ",sp01
"gối siêu êm",sp02
"ga siêu bền",sp03
"chăn giá rẻ",sp01
"gối giá tốt",sp02
"ga giá cạnh tranh",sp03
"chăn có sẵn tại cửa hàng",sp01
"gối có sẵn online",sp02
"ga có sẵn giao hàng nhanh",sp03
"chăn cho người dễ lạnh",sp01
"gối cho người dễ nóng",sp02
"ga cho người dễ đổ mồ hôi",sp03
"chăn có thể gấp gọn",sp01
"gối có thể cuộn lại",sp02
"ga có thể xếp gọn",sp03
"chăn màu sắc đa dạng",sp01
"gối kiểu dáng độc đáo",sp02
"ga họa tiết phong phú",sp03
"chăn cho những giấc ngủ ngon",sp01
"gối cho những giấc ngủ sâu",sp02
"ga cho những giấc ngủ êm ái",sp03
"chăn cho người yêu thích sự ấm áp",sp01
"gối cho người yêu thích sự mềm mại",sp02
"ga cho người yêu thích sự thoải mái",sp03
"chăn chất liệu cao cấp",sp01
"gối chất liệu tự nhiên",sp02
"ga chất liệu bền đẹp",sp03
"chăn cho mùa xuân",sp01
"gối cho mùa hè",sp02
"ga cho mùa thu",sp03
"chăn cho mùa đông",sp01
"gối cho phòng ngủ hiện đại",sp02
"ga cho phòng ngủ cổ điển",sp03
"chăn có khả năng chống bụi",sp01
"gối có khả năng chống côn trùng",sp02
"ga có khả năng chống nấm mốc",sp03
"chăn cho người bị dị ứng",sp01
"gối cho người bị đau vai gáy",sp02
"ga cho người bị đau lưng",sp03
"chăn có thiết kế sang trọng",sp01
"gối có thiết kế tinh tế",sp02
"ga có thiết kế độc đáo",sp03
"chăn làm quà tặng sinh nhật",sp01
"gối làm quà tặng tân gia",sp02
"ga làm quà tặng đám cưới",sp03
"chăn và gối cotton",sp01_sp02
"chăn và ga cotton",sp01_sp03
"gối và ga cotton",sp02_sp03
"bộ chăn ga gối cotton",sp01_sp02_sp03
"chăn và gối lụa",sp01_sp02
"chăn và ga lụa",sp01_sp03
"gối và ga lụa",sp02_sp03
"bộ chăn ga gối lụa",sp01_sp02_sp03
"chăn và gối cao su",sp01_sp02
"chăn và ga cao su",sp01_sp03
"gối và ga cao su",sp02_sp03
"bộ chăn ga gối cao su",sp01_sp02_sp03
"chăn và gối lông vũ",sp01_sp02
"chăn và ga lông vũ",sp01_sp03
"gối và ga lông vũ",sp02_sp03
"bộ chăn ga gối lông vũ",sp01_sp02_sp03
"chăn và gối microfiber",sp01_sp02
"chăn và ga microfiber",sp01_sp03
"gối và ga microfiber",sp02_sp03
"bộ chăn ga gối microfiber",sp01_sp02_sp03
"chăn cho phòng ngủ đơn",sp01
"gối cho phòng ngủ đôi",sp02
"ga cho phòng ngủ gia đình",sp03
"chăn màu xám",sp01
"gối màu be",sp02
"ga màu trắng",sp03
"chăn màu xanh",sp01
"gối màu hồng",sp02
"ga màu ghi",sp03
"chăn họa tiết hình học",sp01
"gối họa tiết hoạt hình",sp02
"ga họa tiết hoa lá",sp03
"chăn chống nhăn",sp01
"gối chống xẹp",sp02
"ga chống phai màu",sp03
"chăn cho người già",sp01
"gối cho trẻ em",sp02
"ga cho thanh thiếu niên",sp03
"chăn dành cho mùa đông",sp01
"gối dành cho mùa hè",sp02
"ga dành cho bốn mùa",sp03
"chăn chất liệu cotton",sp01
"gối chất liệu cao su non",sp02
ga chất liệu lụa tơ tằm",sp03
"chăn có khả năng giữ ấm",sp01
"gối có khả năng nâng đỡ",sp02
"ga có khả năng thoáng khí",sp03
"chăn cho giấc ngủ sâu",sp01
"gối cho giấc ngủ ngon",sp02
"ga cho giấc ngủ êm ái",sp03
"chăn cho người bị mất ngủ",sp01
"gối cho người bị đau vai gáy",sp02
"ga cho người bị dị ứng",sp03
"chăn và gối cho người lớn",sp01_sp02
"chăn và ga cho trẻ em",sp01_sp03
"gối và ga cho gia đình",sp02_sp03
"bộ chăn ga gối cho mọi nhà",sp01_sp02_sp03
"chăn màu sắc tươi sáng",sp01
"gối màu sắc dịu nhẹ",sp02
"ga màu sắc trang nhã",sp03
"chăn có họa tiết đơn giản",sp01
"gối có họa tiết nổi bật",sp02
"ga có họa tiết tinh xảo",sp03
"chăn chống mốc",sp01
"gối chống khuẩn",sp02
"ga chống bám bụi",sp03
"chăn dùng cho mọi loại giường",sp01
"gối dùng cho mọi tư thế ngủ",sp02
"ga dùng cho mọi không gian phòng ngủ",sp03
"chăn có thể giặt sạch dễ dàng",sp01
"gối có thể phơi khô nhanh chóng",sp02
"ga có thể ủi phẳng tiện lợi",sp03
"chăn cho người yêu thích sự gọn gàng",sp01
"gối cho người yêu thích sự tiện lợi",sp02
"ga cho người yêu thích sự sạch sẽ",sp03
"chăn cho những giấc ngủ sâu và trọn vẹn",sp01
"gối cho những giấc ngủ êm ái và thoải mái",sp02
"ga cho những giấc ngủ ngon và sảng khoái",sp03
"chăn cho những đêm lạnh giá mùa đông",sp01
"gối cho những ngày hè nóng bức",sp02
"ga cho những buổi sáng trong lành",sp03
"chăn có đủ kích thước cho mọi giường",sp01
"gối có đủ độ cao cho mọi người",sp02
"ga có đủ màu sắc cho mọi phong cách",sp03
"chăn hình bông tuyết",sp01
"gối hình trái tim",sp02
"ga hình ngôi sao",sp03
"chăn cho người thích sự ấm áp và mềm mại",sp01
"gối cho người thích sự nâng đỡ và thoải mái",sp02
"ga cho người thích sự sang trọng và tiện nghi",sp03
"chăn được làm từ vật liệu tự nhiên và an toàn",sp01
"gối được làm từ vật liệu kháng khuẩn và chống dị ứng",sp02
"ga được làm từ vật liệu bền đẹp và dễ vệ sinh",sp03
"chăn cho người lớn tuổi dễ ngủ",sp01
"gối cho trẻ nhỏ phát triển khỏe mạnh",sp02
"ga cho cặp đôi lãng mạn",sp03
"chăn với họa tiết kẻ sọc xanh",sp01
"gối với họa tiết chấm bi hồng",sp02
"ga với họa tiết hoa văn trắng",sp03
"chăn cho phòng ngủ tối giản",sp01
"gối cho phòng ngủ hiện đại",sp02
"ga cho phòng ngủ cổ điển",sp03
"chăn và gối cho bé",sp01_sp02
"chăn và ga cho phòng khách",sp01_sp03
"gối và ga cho phòng ngủ",sp02_sp03
"bộ chăn ga gối cho căn hộ",sp01_sp02_sp03
"chăn cotton cao cấp",sp01
"gối cao su tự nhiên êm ái",sp02
"ga lụa tơ tằm sang trọng",sp03
"chăn cho những giấc ngủ mơ màng",sp01
"gối cho những giấc ngủ say nồng",sp02
"ga cho những giấc ngủ an lành",sp03
"chăn với thiết kế đơn giản",sp01
"gối với thiết kế độc đáo",sp02
"ga với thiết kế tinh xảo",sp03
"chăn cho người yêu thích sự truyền thống",sp01
"gối cho người yêu thích sự hiện đại",sp02
"ga cho người yêu thích sự phá cách",sp03
"chăn và gối cho phòng cưới lãng mạn",sp01_sp02
"chăn và ga cho phòng trăng mật ngọt ngào",sp01_sp03
"gối và ga cho phòng ngủ hạnh phúc",sp02_sp03
"bộ chăn ga gối cho tổ ấm yêu thương",sp01_sp02_sp03